Algorithm,Best Distance,Iterations,Route
Recherche aléatoire,5292.323169569145,100,"[0, 9, 8, 1, 6, 15, 13, 17, 4, 19, 14, 16, 12, 10, 3, 18, 11, 7, 2, 5, 0]"
Recherche aléatoire,4509.822000961939,100,"[0, 16, 10, 5, 13, 11, 2, 3, 12, 18, 8, 14, 17, 19, 15, 6, 7, 1, 9, 4, 0]"
Recherche Recuit-Simulé,3783.586587888309,1000,"[0, 12, 4, 16, 7, 3, 10, 18, 11, 13, 5, 2, 6, 19, 8, 15, 1, 9, 17, 14, 0]"
